bookno,Title,Author,Language
51082.txt, Coming Attraction, Fritz Leiber, English
32243.txt, Confidence Game, James McKimmey, English
306-0.txt," The Early Short Fiction of Edith Wharton, Part 2 (of 10)", Edith Wharton, English
31038.txt, The Real Hard Sell, William W Stuart, English
28636-8.txt, The Grey Woman and other Tales, Mrs. (Elizabeth) Gaskell, English
6258.txt," Donovan Pasha And Some People Of Egypt, Volume 3.", Gilbert Parker, English
23210-0.txt, Missing Link, Frank Patrick Herbert, English
51531.txt, With These Hands, C.M. Kornbluth, English
3250-0.txt, How Tell a Story and Others, Mark Twain (Samuel Clemens), English
52776.txt, X Marks the Pedwalk, Fritz Leiber, English
51519.txt, The Drug, C.C. MacApp, English
49504-0.txt, God's Playthings, Marjorie Bowen, English
32041.txt, One Man's Poison, Robert Sheckley, English
42232-0.txt, A Child's Dream of a Star, Charles Dickens, English
51337.txt, The Man Outside, Evelyn E. Smith, English
3254.txt, The Complete Project Gutenberg Works of Galsworthy, John Galsworthy, English
32684.txt, The Invader, Alfred Coppel, English
46520-8.txt, Secret Service or Recollections of a City Detective, Andrew Forrester, English
30044.txt, The Carnivore, G. A. Morris, English
49913-0.txt, Nine Unlikely Tales, E. Nesbit, English
39706.txt, Mother West Wind's Animal Friends, Thornton W. Burgess, English
10577-8.txt, International Short Stories: French, Various, English
40294-8.txt, Der Mord an der Jungfrau, Maurice Barrs, German
9209.txt," The Haunted Mind (From ""Twice Told Tales"")", Nathaniel Hawthorne, English
1655.txt, The God of His Fathers, Jack London, English
7516-0.txt, Crucial Instances, Edith Wharton, English
58893.txt, Race Riot, Ralph Williams, English
9221.txt," The Old Manse (From ""Mosses From An Old Manse"")", Nathaniel Hawthorne, English
2071-0.txt, Stories By English Authors: Germany, Various, English
55321-8.txt, Nachbarn, Hermann Hesse, German
32487.txt, A Gift For Terra, Fox B. Holden, English
2148-0.txt, The Works of Edgar Allan Poe, Edgar Allan Poe, English
14129-8.txt," The Works of Charles Lamb in Four Volumes, Volume 4", Charles Lamb, English
53045.txt, The Masked World, Jack Williamson, English
29931.txt, The Big Tomorrow, Paul Lohrman, English
32134.txt, The Dictator, Milton Lesser, English
51981-0.txt, Sandburrs and Others, Alfred Henry Lewis, English
1646-8.txt, Roads of Destiny, O. Henry, English
51493.txt, Kreativity For Kats, Fritz Leiber, English
112-8.txt, Violists, Richard McGowan, English
50766.txt, The Snowball Effect, Katherine MacLean, English
18950-8.txt, The Short Cut, Jackson Gregory, English
24965.txt, The Deadly Daughters, Winston K. Marks, English
868.txt, The Philosopher's Joke, Jerome K. Jerome, English
24150.txt, Disturbing Sun, Robert Shirley Richardson, English
32040.txt, Diplomatic Immunity, Robert Sheckley, English
1732-0.txt, The Schoolmistress and Other Stories, Anton Chekhov, English
50835.txt, The Luckiest Man in Denv, Simon Eisner, English
14105-0.txt, Im grünen Tann, Arthur Achleitner, German
48779-0.txt, Novelle umoristiche, Adolfo Albertazzi, Italian
18859.txt, Cross Purposes and The Shadows, George MacDonald, English
59150.txt, Lost Art, G. K. Hawk, English
59363-8.txt, Ecology on Rollins Island, Varley Lang, English
6259.txt," Donovan Pasha And Some People Of Egypt, Volume 4.", Gilbert Parker, English
29662.txt, The Moon is Green, Fritz Reuter Leiber, English
13441-8.txt, The Sunny Side, A. A. Milne, English
28554.txt, Beyond Lies the Wub, Philip Kindred Dick, English
9363-8.txt, The Best British Short Stories of 1922, Various, English
13260-0.txt," Droll Stories, Complete", Honore de Balzac, English
45964-8.txt, Day and Night Stories, Algernon Blackwood, English
51726.txt," Wall of Crystal, Eye of Night", Algis Budrys, English
28583.txt, The Calm Man, Frank Belknap Long, English
20877.txt, Mother West Wind's Children, Thornton W. Burgess, English
15600.txt, Matisse Picasso and Gertrude Stein, Gertrude Stein, English
32488-8.txt, Just So Stories, Rudyard Kipling, English
513.txt, The Snow Image, Nathaniel Hawthorne, English
16380-8.txt, The Odds, Ethel M. Dell, English
13707-8.txt, Twice Told Tales, Nathaniel Hawthorne, English
32903.txt, The Victor, Bryce Walton, English
15252-8.txt, Victorian Short Stories," Elizabeth Gaskell, et al.", English
51240.txt, The Addicts, William Morrison, English
51268.txt, The Girls From Earth, Frank M. Robinson, English
23198.txt, With No Strings Attached, Gordon Randall Garrett (AKA David Gordon), English
32101-8.txt, The Crimson Gardenia and Other Tales of Adventure, Rex Beach, English
25107-8.txt, Sarro, Louis Becke, English
24152.txt, The Guardians, Irving Cox, English
18465-8.txt," The Wit and Humor of America, Volume II. (of X.)", Various, English
10025-8.txt, Gaslight Sonatas, Fannie Hurst, English
55861-8.txt, The Outcasts and Other Stories, Maxim Gorky, English
881.txt, Lemorne Versus Huell, Elizabeth Drew Stoddard, English
5835-0.txt, The Story Hour, Nora A. Smith, English
51650.txt, Innocent At Large, Poul Anderson, English
22866.txt, An Ounce of Cure, Alan Edward Nourse, English
59224.txt, They Were Different, Neil J. Kenney, English
59556.txt, Communication, Charles Fontenay, English
12949-8.txt, Contes Franais, Douglas Labaree Buffum, English and French
51687.txt, The Spy in the Elevator, Donald E. Westlake, English
2814-0.txt, Dubliners, James Joyce, English
57001-0.txt, Papeis Avulsos, Machado de Assis, Portuguese
30251.txt, Disqualified, Charles Louis Fontenay, English
32321.txt, The Book, Michael Shaara, English
17189.txt, Autumn Leaves, Various, English
55307-8.txt, The Black Monk and other Stories, Anton Tchekhoff, English
40953.txt, A Traveler in Time, August Derleth, English
9231-0.txt, Earth’s Holocaust (From “Mosses From An Old Manse”), Nathaniel Hawthorne, English
15667-8.txt, Best Short Stories, Various, English
160-0.txt, The Awakening and Selected Short Stories, Kate Chopin, English
26194-8.txt, The Grain Ship, Morgan Robertson, English
51137.txt, Cause of Death, Max Tadlock, English
57615-0.txt," Fabulae, virginibus puerisque aut narrandae aut recitandae", Reginald Bainbridge Appleton, Latin
5431.txt, Stories by Foreign Authors: German, Various, English
59220-8.txt, Trail-Tales of Western Canada, F. A. Robinson, English
29271.txt, The Issahar Artifacts, Jesse Franklin Bone, English
32846-8.txt, International Short Stories, Various, English
29503.txt, The Hated, Frederik Pohl, English
31364.txt, B-12's Moon Glow, Charles A. Stearns, English
33525-0.txt, Stories from Tagore, Rabindranath Tagore, English
8893-0.txt, Selections from Poe, J. Montgomery Gambrill, English
8649-8.txt, Indian Tales, Rudyard Kipling, English
51321.txt, Prime Difference, Alan E. Nourse, English
24966.txt, Survival Tactics, Al Sevcik, English
704.txt, The Mansion, Henry Van Dyke, English
23172.txt, The Damned Thing, Ambrose Bierce, English
51296.txt, The Sense of Wonder, Milton Lesser, English
710.txt, Love of Life, Jack London, English
51241.txt, Bridge Crossing, Dave Dryfoos, English
51255.txt, Chain Reaction, Boyd Ellanby, English
51533.txt, The Celestial Hammerlock, Donald Colvin, English
59575-8.txt, Dearest Enemy, Fox Holden, English
34470-8.txt, The Blue Jar Story Book, Maria Edgeworth, English
5592.txt, Complete Short Works, Georg Ebers, English
512.txt, Mosses from an Old Manse and Other Stories, Nathaniel Hawthorne, English
43558-0.txt, The Sandman’s Hour, Abbie Phillips Walker, English
59345.txt, Slow Burn, Henry Still, English
7114-8.txt," Une Vie, A Piece of String and Other Stories", Guy de Maupassant, English
3077-0.txt," Original Short Stories of Maupassant, Volume 1", Guy de Maupassant, English
1096.txt,The Faith of Men,Jack London,English
59157.txt, Escape Mechanism, Charles E. Fritch, English
12336-8.txt, Brown Wolf and Other Jack London Stories, Jack London, English
32906.txt, Thy Name Is Woman, Bryce Walton, English
54567-0.txt, Bizarre Happenings Eyewitnessed Over Two Decades, Jianren Wu, Chinese
32735.txt, Forsyte's Retreat, Winston Marks, English
27462.txt, The Last Evolution, John Wood Campbell, English
51286.txt, Pen Pal, Milton Lesser, English
689-0.txt, The Kreutzer Sonata and Other Stories, Leo Tolstoi, English
2776-8.txt, The Four Million, O. Henry, English
40848-8.txt, The Gully of Bluemansdyke, A. Conan Doyle, English
8803-8.txt, Grosse und Kleine Welt, Honore De Balzac, German
32127.txt, Wheels Within, Charles V. De Vet, English
32133.txt, The Graveyard of Space, Milton Lesser, English
9790-8.txt, Traffics and Discoveries, Rudyard Kipling, English
24879-8.txt," Curious, if True", Elizabeth Gaskell, English
7144-0.txt, While the Billy Boils, Henry Lawson, English
49754.txt, What Do You Read?, Boyd Ellanby, English
489.txt, One Basket, Edna Ferber, English
30283.txt, The Sound of Silence, Barbara Constant, English
16244.txt, The Turkish Jester, Nasreddin Hoca, English
1883-0.txt, The Wife and Other Stories, Anton Chekhov, English
30941-0.txt, The German Classics of the Nineteenth and Twentieth Centuries, Various, English
15868-8.txt, The Man Without a Country and Other Tales, Edward E. Hale, English
2809-0.txt, Main-Travelled Roads, Hamlin Garland,English
30240.txt, The Big Trip Up Yonder, Kurt Vonnegut, English
30255.txt, The Skull, Philip K. Dick, English
17601.txt, Masques & Phases, Robert Ross, English
51132.txt, Whiskaboom, Alan Arkin, English
58670.txt, Dreamer's World, Bryce Walton, English
14256-8.txt, The Bell in the Fog and Other Stories, Gertrude Atherton, English
51668.txt, Dreamworld, R. A. Lafferty, English
2830.txt, Reginald, Saki, English
32654.txt, Project Hush, Philip Klass, English
15466-8.txt, Victorian Short Stories of Troubled Marriages," Rudyard Kipling, Ella D'Arcy, Arthur Morrison, Arthur Conan Doyle,", English
22890-0.txt, The Worlds of If, Stanley Grauman Weinbaum, English
44385-8.txt," Bliss, and Other Stories", Katherine Mansfield, English
32697.txt, The Sword, Frank Quattrocchi, English
701.txt, The King of the Golden River, John Ruskin., English
715.txt, The Moon Endureth--Tales and Fancies, John Buchan, English
57040-0.txt, Novelle Napolitane, Salvatore Di Giacomo, Italian
32907.txt, You Too Can Be A Millionaire, Noel Miller Loomis, English
932.txt, The Fall of the House of Usher, Edgar Allan Poe, English
35004-8.txt, Abb Aubain and Mosaics, Prosper Mrime, English
51046.txt, ...And It Comes Out Here, Lester del Rey, English
59368.txt, Juvenile Delinquent, Edward W. Ludwig, English
58568-8.txt, Tales of the Trail, Henry Inman, English
19000.txt, Printcrime, Cory Doctorow, English
39378-8.txt, Mortal Coils, Aldous Huxley, English
39658-0.txt, Novelle, Cesare Balbo, Italian
11512-8.txt, O. Henry Memorial Award Prize Stories of 1921, Various, English
2781-0.txt, Just So Stories, Rudyard Kipling, English
23439.txt, Attention Saint Patrick, William Fitzgerald Jenkins, English
28693-8.txt, Tales of the Fish Patrol, Jack London, English
26569.txt, Monkey On His Back, Charles V. De Vet, English
28550.txt, Song in a Minor Key, Catherine Lucille Moore, English
31767.txt, The Peacemaker, Alfred Coppel, English
142-0.txt," The $30,000 Bequest and Other Stories", Mark Twain, English
55024-8.txt, The Queen of Spades and other stories, Alexander Pushkin, English
50819.txt, A Bad Day for Sales, Fritz Leiber, English
26743.txt, The Putnam Tradition, Sonya Hess Dorman, English
243-0.txt, The Forged Coupon and Other Stories, Leo Tolstoy, English
29458.txt, Cost of Living, Robert Sheckley, English
31660-8.txt, Die Ermordung einer Butterblume und andere Erzhlungen, Alfred Dblin, German
32078.txt, Love Story," Irving E. Cox, Jr.", English
59034.txt, The Big Leap, Charles E. Fritch, English
688.txt, The Goodness of St. Rocque and Other Stories, Alice Dunbar, English
30170-8.txt, Lonesome Hearts, Russell Robert Winterbotham, English
24949.txt, Control Group, Roger Dee, English
18831-8.txt, Time and Time Again, Henry Beam Piper, English
40745-8.txt, Short Stories, Fiodor Dostoievski, English
2038-8.txt, The Lock And Key Library, Various, English
24975.txt, The Gift Bearer, Charles Louis Fontenay, English
38575-8.txt, Strange Stories, Grant Allen, English
17398.txt, The Cabman's Story, Arthur Conan Doyle, English
19336-8.txt, The Tangled Threads, Eleanor H. Porter, English
29504.txt, What's He Doing in There?, Fritz Reuter Leiber, English
13094-8.txt, Heart of the West, O. Henry, English
11905-8.txt, Sous les marronniers, Eugne Muller, French
22701-0.txt, The Blindman’s World, Edward Bellamy, English
32772-8.txt, Rewards and Fairies, Rudyard Kipling, English
1583-8.txt, Options, O. Henry, English
3047.txt, Life's Little Ironies, Thomas Hardy, English
40968.txt, Desire No More, Algirdas Jonas Budrys, English
1858-0.txt, Plain Tales from the Hills, Rudyard Kipling, English
40954.txt, Potential Enemy, Mack Reynolds, English
34920-8.txt, Silver Pitchers: and Independence, Louisa May Alcott, English
59053-0.txt, The Automatic Maid-of-All-Work, M. L. Campbell, English
12461-8.txt, Castles in the Air, Baroness Emmuska Orczy, English
25328-0.txt, Tou Peng Hsien Hua, Aina Jushi, Chinese
22875.txt, Circus, Alan Edward Nourse, English
28804-8.txt, Oswald Bastable and Others, Edith Nesbit, English
58883.txt, The Men of Boru, Jack A. Nelson, English
29908.txt, The Adventurer, Cyril M. Kornbluth, English
22590-8.txt, Wind, Charles Louis Fontenay, English
51482.txt, Perfect Answer, L.J. Stecher, English
34766-0.txt," Shorter Novels, Eighteenth Century", Samuel Johnson, English
23799.txt, Cry from a Far Planet, Tom Godwin, English
23160.txt, Solomon's Orbit, William Carroll, English
25525-0.txt," The Works of Edgar Allan Poe, The Raven Edition", Edgar Allan Poe, English
23612.txt, The Leader, William Fitzgerald Jenkins (AKA Murray Leinster), English
32079.txt, The Small World of M-75," Ed M. Clinton, Jr.", English
34420.txt, Riya's Foundling, Algirdas Jonas Budrys, English
32737.txt, Uniform of a Man, Dave Dryfoos, English
30120.txt, The Happy Prince and Other Tales, Oscar Wilde, English
32046-8.txt, Tales from the German, Various, English
23148.txt, Droozle, Frank Banta, English
29303.txt, Operation Earthworm, Joe Archibald, English
5741.txt, Stories by Foreign Authors: Russian, Various, English
2459-0.txt, Trent's Trust and Other Stories, Bret Harte, English
57322-0.txt, The Bellman Book of Fiction, Various, English
18109.txt, Graveyard of Dreams, Henry Beam Piper, English
51509.txt, Doorstep, Keith Laumer, English
29897.txt, Runaway, William Morrison, English
51092.txt, Rattle OK, Harry Warner, English
5779-0.txt, The Crushed Flower and Other Stories, Leonid Andreyev, English
43627-0.txt, Strange Stories from a Chinese Studio Vol. I (of 2), Songling Pu, English
19029.txt, The Gifts of Asti, Andre Alice Norton, English
6991-8.txt, Across the Years, Eleanor H. Porter, English
29698.txt, Lighter Than You Think, Nelson Bond, English
24350-0.txt, Kerfol, Edith Wharton, English
6039.txt, Stories by English Authors: England, Various, English
22966.txt, Toy Shop, Henry Maxwell Dempsey, English
359-0.txt, Good Stories For Great Holidays, Frances Jenkins Olcott, English
49651.txt, Tedric, Edward Elmer Smith, English
788-0.txt, The Red One, Jack London, English
9629-8.txt, Ghost Stories of an Antiquary, Montague Rhodes James, English
15616-0.txt, Hero Tales, James Baldwin, English
22810-0.txt, Midnight In Beauchamp Row, Anna Katharine Green (Mrs. Charles Rohlfs), English
39716-8.txt, Little Masterpieces, Nathaniel Hawthorne, English
29614.txt, The Game of Rat and Dragon, Cordwainer Smith, English
51546.txt, Handyman, Frank Banta, English
8913-0.txt, The Portent and Other Stories, George MacDonald, English
18464-8.txt," The Wit and Humor of America, Volume I. (of X.)", Various, English
1982-0.txt, Rashomon, Akutagawa Ryunosuke, Japanese
59141-8.txt, Blow the Man Down, Charles L. Fontenay, English
23661.txt, The Book of Dragons, Edith Nesbit, English
12053-8.txt, Gladius Dei; Schwere Stunde, Thomas Mann, German
759.txt, James Pethel, Max Beerbohm, English
20419-8.txt, Gigolo, Edna Ferber, English
10360-8.txt, Kitty's Class Day And Other Stories, Louisa M. Alcott, English
51397.txt, People Soup, Alan Arkin, English
163.txt, Flower Fables, Louisa May Alcott, English
29204.txt, Arm of the Law, Harry Harrison, English
37156-8.txt, Ireland in the Days of Dean Swift, Jonathan Swift and J. Bowles (John Bowles) Daly, English
5336.txt, Stories by Foreign Authors, Various, English
2828-0.txt, Under the Deodars, Rudyard Kipling, English
6120-0.txt, Soldiers Three, Rudyard Kipling, English
10947-8.txt, The Best American Humorous Short Stories, Various, English
42664.txt, Gods of the North, Robert E. Howard, English
375.txt, An Occurrence at Owl Creek, Ambrose Bierce, English
26741-8.txt, I'm a Stranger Here Myself, Dallas McCord Reynolds, English
25628.txt, The Nothing Equation, Tom Godwin, English
59287.txt, Freeway, Bryce Walton, English
58827.txt, Wedding Day, Winston Marks, English
37707-8.txt, A Night on the Borders of the Black Forest, Amelia B. Edwards, English
58826.txt, Double Take, Wilson Parks Griffith, English
25629.txt, Postmark Ganymede, Robert Silverberg, English
31217-8.txt, Household Papers and Stories, Harriet Beecher Stowe, English
23432-8.txt, Masterpieces of Mystery In Four Volumes, Various, English
17669-8.txt," The Three Brides, Love in a Cottage, and Other Tales", Francis A. Durivage, English
43084-8.txt, A Widow's Tale and Other Stories, Mrs. (Margaret) Oliphant, English
40915-8.txt, Johnny Ludlow. First Series, Mrs. Henry Wood, English
27200.txt, Fairy Tales of Hans Christian Andersen, Hans Christian Andersen, English
9055.txt, Bad Medicine, Robert Sheckley, English
23099.txt, The Fourth Invasion, Henry Josephs, English
27374-8.txt, A Young Man in a Hurry, Robert W. Chambers, English
1429-0.txt, The Garden Party, Katherine Mansfield, English
22218.txt, The Street That Wasn't There, Clifford Donald Simak, English
1596.txt, Smoke Bellew, Jack London, English
31516.txt, The Eyes Have It, Philip Kindred Dick, English
28047.txt, Strange Alliance, Bryce Walton, English
3192-0.txt, The Curious Republic of Gondour and Other Whimsical Sketches, Mark Twain (Samuel Clemens), English
572.txt, The Great Big Treasury of Beatrix Potter, Beatrix Potter, English
32209.txt, Assignment's End, Roger Dee, English
58991.txt, Inhibition, James Causey, English
33842.txt, By Earthlight, Bryce Walton, English
32584.txt, The Secret of Kralitz, Henry Kuttner, English
22967.txt, The Stoker and the Stars, Algirdas Jonas Budrys (AKA John A. Sentry), English
51751.txt," Oh, Rats!", Miriam Allen deFord, English
51037.txt, Second Childhood, Clifford D. Simak, English
33634-8.txt, The Night Operator, Frank L. Packard, English
2327-8.txt, Some Short Stories, Henry James, English
17860-8.txt, Stories from Hans Andersen, Hans Christian Andersen, English
2334-0.txt, The Works of Rudyard Kipling: One Volume Edition, Rudyard Kipling, English
55219-8.txt, The Prose Tales of Alexander Pushkin, Alexander Pushkin, English
32592.txt, Let There Be Light, Horace Brown Fyfe, English
33854.txt, Ask a Foolish Question, Robert Sheckley, English
32579.txt, Micro-Man, Forrest James Ackerman, English
2035-0.txt, Stories by English Authors: Orient, Various, English
29159.txt, Acid Bath, Vaseleos Garson, English
32551.txt, Big Stupe, Charles V. De Vet, English
32845-8.txt, International Short Stories, Various, English
51545.txt, The Sweeper of Loray, Finn O'Donnevan, English
12459-8.txt, Contes et posies de Prosper Jourdan: 1854-1866, Prosper Jourdan, French
32784.txt, The Dark Goddess, Richard Sharpe Shaver, English
23104.txt, The Blue Tower, Evelyn E. Smith, English
12758-8.txt, Library of the World's Best Mystery and Detective Stories, Edited by Julian Hawthorne, English
54109-0.txt, Round the Fire Stories, Arthur Conan Doyle, English
50868.txt, The Highest Mountain, Bryce Walton, English
28042-8.txt, Die Leute von Seldwyla -- Band 2, Gottfried Keller, German
3251-0.txt, The Man That Corrupted Hadleyburg and Other Stories, Mark Twain (Samuel Clemens), English
25549-8.txt, A Chosen Few, Frank R. Stockton, English
28643.txt, Belly Laugh, Gordon Randall Garrett, English
2150-0.txt, The Works of Edgar Allan Poe, Edgar Allan Poe, English
51380.txt, Time In the Round, Fritz Leiber, English
28119.txt," My Father, the Cat", Henry Slesar, English
21897.txt, An Incident on Route 12, James H. Schmitz, English
32633.txt, Time Enough at Last, Lyn Venable, English
31308-8.txt, Orientations, William Somerset Maugham, English
14744-8.txt, Different Girls, Various, English
24230-0.txt, Jin Gu Chi Guan, Lao Ren Bao Weng, Chinese
30583.txt, The Asses of Balaam, Gordon Randall Garrett, English
4038-8.txt, Imaginary Portraits, Walter Horatio Pater, English
27722-8.txt," Masterpieces of Mystery, Vol. 1 (of 4)", Various, English
23942-8.txt, Unborn Tomorrow, Dallas McCord Reynolds, English
410.txt, 'Hell fer Sartain' and Other Stories," John Fox, Jr.", English
24521.txt, In Case of Fire, Gordon Randall Garrett, English
23669-8.txt, Summit, Dallas McCord Reynolds, English
307-0.txt, Three Elephant Power, Andrew Barton 'Banjo' Paterson, English
24247.txt, Gun for Hire, Dallas McCord Reynolds, English
52549-8.txt, Bloemensprookjes van Tante Jo, Louisa May Alcott, Dutch
59285.txt, Until Life Do Us Part, Winston Marks, English
31754-0.txt, Devil Stories, Various, English
57402-8.txt, The Watcher by the Threshold, John Buchan, English
14115-8.txt, Quatre contes de Prosper Mrime, F. C. L. Van Steenderen, French / English
10736-8.txt, Children of the Frost, Jack London, English
15734-0.txt, Aus Kroatien, Arthur Achleitner, German
51168.txt, Operation Distress, Lester del Rey, English
11437-8.txt," Stories by American Authors, Volume 5", Various, English
556-0.txt, Rewards and Fairies, Rudyard Kipling, English
51256-8.txt, The Cool War, Andrew Fetler, English
3400-0.txt, Entire PG Edition of William Dean Howells, William Dean Howells, English
29206.txt, Happy Ending, Fredric Brown, English
29548.txt, Warrior Race, Robert Sheckley, English
30700-8.txt, The Works of Robert Louis Stevenson - Swanston Edition Vol. 4 (of 25), Robert Louis Stevenson, English
50921.txt," $1,000 A Plate", Jack McKenty, English
50103-0.txt, The Dwindling Years, Lester Del Rey, English
23930.txt, Beyond Pandora, Robert J. Martin, English
1477-0.txt, The Toys of Peace, Saki, English
32777-8.txt, The Great Keinplatz Experiment and Other Tales of Twilight and the Unseen, Sir Arthur Conan Doyle, English
8727-0.txt, The Last Galley, Arthur Conan Doyle, English
22227.txt, The 4-D Doodler, Graph Waldeyer, English
22480-0.txt, The Prussian Officer and Other Stories, D. H. Lawrence, English
3688-8.txt, The Chronicles of Clovis, Saki, English
24118.txt," We Didn't Do Anything Wrong, Hardly", Roger Kuykendall, English
40108-8.txt, Tales of Secret Egypt, Sax Rohmer, English
56797-0.txt, The Invaders and other Stories, Leo Tolstoy, English
46650-0.txt, Bayou Folk, Kate Chopin, English
57850-8.txt, Amok, Stefan Zweig, German
1980-0.txt, Stories by English Authors: Africa, Various, English
51008.txt, Two Weeks in August, Frank M. Robinson, English
22958.txt, One-Shot, James Benjamin Blish, English
20831-8.txt, Short Stories of Various Types, Various, English
51752.txt, If You Was A Moklin, Murray Leinster, English
36638-8.txt, A Book of Ghosts, Sabine Baring-Gould, English
865-0.txt, Passing of the Third Floor Back, Jerome K. Jerome, English
11596-8.txt, La Maison Tellier, Guy de Maupassant, French
29553-8.txt, Bunte Steine, Adalbert Stifter, German
56878-0.txt, First love and other stories, Iván Turgénieff, English
18342.txt, The Answer, Henry Beam Piper, English
26521.txt, Earthmen Bearing Gifts, Fredric Brown, English
52751-8.txt, Keltakukkia, Ari Aalto, Finnish
30029-8.txt, Lost in Translation, Larry M. Harris, English
3090-0.txt," Maupassant Original Short Stories (180), Complete", Guy de Maupassant, English
3806.txt, A Modern Cinderella, Louisa May Alcott, English
54761-0.txt, Children of Men, Rudolph Edgar Block, English
51107-0.txt, Woman and Puppet, Pierre Louÿs, English
23868.txt, Vanishing Point, C.C. Beck, English
1552.txt,The Most Interesting Stories of All Nations,Julian Hawthorne,English
1944-0.txt, The Witch and Other Stories, Anton Chekhov, English
38531-8.txt, The Beckoning Hand and Other Stories, Grant Allen, English
24348-0.txt, The Choice, Edith Wharton, English
978-0.txt, The Yates Pride, Mary E. Wilkins Freeman, English
2135-0.txt, Stories By English Authors: London, Various, English
47789-0.txt, The Doctor's Red Lamp, Various, English
22579.txt, Bread Overhead, Fritz Reuter Leiber, English
27523-8.txt, Masterpieces of Mystery In Four Volumes, Various, English
22357.txt, Danger! and Other Stories, Arthur Conan Doyle, English
30035.txt, Off Course, Mack Reynolds (AKA Dallas McCord Reynolds), English
32150.txt, Prison of a Billion Years, C.H. Thames, English
59242.txt, Witness, George H. Smith, English
31840.txt, Ring Once for Death, Robert Andrew Arthur, English
51622.txt, Extracts from the Galactick Almanack, Larry M. Harris, English
23530-8.txt, Adventures in Many Lands, Various, English
32346.txt, Keep Your Shape, Robert Sheckley, English
57006-0.txt, The Freaks of Mayfair, E. F. Benson, English
17622-0.txt, Knulp, Hermann Hesse, German
429.txt, The Magic Egg and Other Stories, Frank Stockton, English
37128-8.txt, Kleine Dichtungen, Robert Walser, German
55650-8.txt, Stray Leaves from Strange Literature - Fantastics and other Fancies, Lafcadio Hearn, English
51193.txt, Pictures Don't Lie, Katherine MacLean, English
773-0.txt, Lord Arthur Savile's Crime, Oscar Wilde, English
13180-0.txt, The Tracer of Lost Persons, Robert W. Chambers, English
7283.txt, Short Stories and Selections for Use in the Secondary Schools, Emilie Kip Baker, English
56870-8.txt, Tales from Gorky, Maxim Gorky, English
428.txt, Frivolous Cupid, Anthony Hope, English
2545-0.txt, When God Laughs and Other Stories, Jack London, English
32347.txt, Time Fuze, Gordon Randall Garrett, English
29954.txt, There is a Reaper ..., Charles V. De Vet, English
53034.txt, The God-Plllnk, Jerome Bixby, English
29940.txt, Dogfight--1973, Dallas McCord Reynolds, English
31841.txt, The Water Eater, Win Marks, English
924-0.txt, To be Read at Dusk, Charles Dickens, English
59243.txt, The Pacifists, Charles E. Fritch, English
24351-0.txt, The Triumph Of Night, Edith Wharton, English
13505-8.txt, The Duel and Other Stories, Anton Chekhov, English
839-0.txt, New Arabian Nights, Robert Louis Stevenson, English
51353.txt, Dr. Kometevsky's Day, Fritz Leiber, English
7870-8.txt, Tales of Daring and Danger, George Alfred Henty, English
20526-8.txt," test of story, 64;", Charles Raymond Barrett, English
50844.txt, Proof of the Pudding, Robert Sheckley, English
32087-8.txt, The Executioner, Frank Riley, English
24450-8.txt, Bones, Edgar Wallace, English
51596.txt, Aloys, R. A. Lafferty, English
19909-8.txt, Good Cheer Stories Every Child Should Know, Various, English
24121.txt, As Long As You Wish, John O'Keefe, English
346-0.txt, The Troll Garden and Selected Stories, Willa Cather, English
13799.txt, Old Fires and Profitable Ghosts, A. T. Quiller-Couch, English
38996-0.txt, Dix contes modernes des meilleurs auteurs du jour, Guy de Maupassant, French
39541-0.txt, Donna Paola, Matilde Serao, Italian
24874.txt," Lucy Maud Montgomery Short Stories, 1902 to 1903", Lucy Maud Montgomery, English
50893.txt, The Great Nebraska Sea, Allan Danzig, English
15933-8.txt, Stories of Childhood, Various, English
8492-8.txt, The King in Yellow, Robert W. Chambers, English
58773.txt, Les Machines, Joe Love, English
59323.txt, Bleedback, Winston Marks, English
58673-8.txt, It Takes a Thief, Walter Miller, English
24878-8.txt," Lucy Maud Montgomery Short Stories, 1909 to 1922", Lucy Maud Montgomery, English
24716-8.txt, The heart of happy hollow, Paul Laurence Dunbar, English
59309.txt, Forced Move, Henry Lee, English
1444-8.txt, The Voice of the City, O. Henry, English
2777-8.txt, Cabbages and Kings, O. Henry, English
14273-8.txt, Invisible Links, Selma Lagerlof, English
24393-0.txt, Our Casualty And Other Stories," James Owen Hannay, AKA George A. Birmingham", English
24876.txt," Lucy Maud Montgomery Short Stories, 1905 to 1906", Lucy Maud Montgomery, English
11714-8.txt, Contes de la Becasse, Guy de Maupassant, French
760.txt, Enoch Soames, Max Beerbohm, English
59015-0.txt, The Shadowy Third and Other Stories, Ellen Glasgow, English
38616-8.txt, Where Love Is There God Is Also, Lyof N. Tolstoi, English
299-0.txt, Tales From Two Hemispheres, Hjalmar Hjorth Boysen, English
26867.txt, John Jones's Dollar, Harry Stephen Keeler, English
24811-0.txt, Viking Tales, Jennie Hall, English
50044-0.txt, Romantic legends of Spain, Gustavo Adolfo Bécquer, English
28645.txt, Lost in the Future, John Victor Peterson, English
50479-8.txt, Far-away Stories, William J. Locke, English
59255.txt, Easy Does It, E. G. von Wald, English
40969-8.txt, The Mating of the Moons, Kenneth O'Hara, English
58639.txt, Welcome Martians, S.A. Lombino, English
53861-8.txt, The Apple-Tree Table and Other Sketches, Herman Melville, English
7256.txt, The Gift of the Magi, O. Henry, English
1633.txt,"The Brick Moon, et. al.",Edward Everett Hale,English
288-8.txt, The Certain Hour, James Branch Cabell, English
30234.txt, Dead Ringer, Lester del Rey, English
12995-8.txt, The Matador of the Five Towns and Other Stories, Arnold Bennett, English
13507-8.txt, Cuentos de Amor de Locura y de Muerte, Horacio Quiroga, Spanish
51185.txt, All Jackson's Children, Daniel F. Galouye, English
39397-0.txt, One of Cleopatra's Nights and Other Fantastic Romances, Thophile Gautier, English
29994.txt, Irresistible Weapon, Horace Brown Fyfe, English
44630-8.txt, From a Swedish Homestead, Selma Lagerlf, English
32344.txt, Pet Farm, Roger Dee, English
59297.txt, Your Time is Up, Walt Sheldon, English
32436.txt, Duel on Syrtis, Poul William Anderson, English
20872-8.txt, The Best Short Stories of 1917," ""The Jessica Letters"" (with Paul Elmer More), ""A Circuit Rider's", English
19102.txt, Dearest, Henry Beam Piper, English
902-0.txt, The Happy Prince, Oscar Wilde, English
28644.txt, Beyond the Door, Philip K. Dick, English
55283-8.txt, The Bet and other stories, Anton Tchekhov, English
28650.txt, Year of the Big Thaw, Marion Zimmer Bradley, English
23532-8.txt, Betrachtung, Franz Kafka, German
27588.txt, The Jupiter Weapon, Charles Louis Fontenay, English
8668-8.txt, Revenge!, by Robert Barr, English
30053-8.txt," Los Puritanos, y otros cuentos", D. Armando Palacio Valds, Spanish
23960-8.txt, ...After a Few Words..., Gordon Randall Garrett, English
761.txt, A. V. Laider, Max Beerbohm, English
59693.txt, The Old Goat, Charles L. Fontenay, English
867-0.txt, Mrs. Korner Sins Her Mercies, Jerome K. Jerome, English
23301.txt, Each Man Kills, Victoria Glad, English
10775-8.txt, Le Horla and Others, Guy de Maupassant, French
27973-8.txt, Der Mantel, Nicolaj Gogol, German
58980.txt, A Witch in Time, Herb Williams, English
2518.txt, The Hungry Stones And Other Stories, Rabindranath Tagore, English
329-0.txt, Island Nights' Entertainments, Robert Louis Stevenson, English
41562.txt, The Hanging Stranger, Philip K. Dick, English
1993.txt,Told After Supper,Jerome K. Jerome,English
35997-8.txt, The Jungle Book, Rudyard Kipling, English
23197-8.txt, Subversive, Dallas McCord Reynolds, English
13834-0.txt, À se tordre, Alphonse Allais, French
705-0.txt, The Roadmender, Michael Fairless, English
59165-0.txt, Uncanny Stories, May Sinclair, English
2295.txt, Waifs and Strays, O. Henry, English
30199.txt, McIlvaine's Star, August Derleth, English
31287.txt, Turnover Point, Alfred Coppel, English
4357.txt, American Fairy Tales, L. Frank Baum, English
1208-0.txt, South Sea Tales, Jack London, English
29704-8.txt, Masterpieces of Mystery, Various, English
58659-8.txt, Resurrection Seven, Stephen Marlowe, English
50876.txt, Earthbound, Lester del Rey, English
19381-8.txt, Among the Farmyard People, Clara Dillingham Pierson, English
1415.txt, Doctor Marigold, Charles Dickens, English
51361.txt, Birds of a Feather, Robert Silverberg, English
9485-8.txt, A Little Book of Profitable Tales, Eugene Field, English
54895-8.txt, Limbo, Aldous Huxley, English
35770-0.txt, The Hero, Elaine Wilber, English
33028-8.txt, Man and Maid, E. (Edith) Nesbit, English
59259.txt, The Outer Quiet, Herbert D. Kastle, English
7956-0.txt, Married, August Strindberg, English
1617.txt, The Wind in the Rose-bush and Other Stories of the Supernatural, Mary Eleanor Wilkins Freeman, English
26475-8.txt, The Boy Scouts Book of Campfire Stories, Various, English
24517.txt, Accidental Death, Peter Baily, English
1029-0.txt, The Night-Born, Jack London, English
46107-8.txt, The German Lieutenant and Other Stories, August Strindberg, English
51101-8.txt, Nice Girl With 5 Husbands, Fritz Leiber, English
1831.txt,The Lock and Key Library,"Julian Hawthorne, Ed",English
32360.txt, The Holes Around Mars, Jerome Bixby, English
15143-8.txt, Famous Modern Ghost Stories, Various, English
295-0.txt," The Early Short Fiction of Edith Wharton, Part 1 (of 10)", Edith Wharton, English
50464-0.txt, The Lonesome Trail, John Gneisenau Neihardt, English
43628-0.txt, Strange Stories from a Chinese Studio vol. II (of 2), Songling Pu, English
1916-0.txt, The Great Stone Face, Nathaniel Hawthorne, English
26966-8.txt, A Place in the Sun, C.H. Thames, English
396.txt," The Lady, or the Tiger?", Frank R. Stockton, English
30123-8.txt, Romans -- Volume 3: Micromegas, Voltaire, English
29542.txt, The Valor of Cappen Varra, Poul William Anderson, English
30761.txt, The Minus Woman, Russell Robert Winterbotham, English
12921-8.txt, Bjrnstjerne Bjrnson Gesammelte Werke in Fnf Bnden; Erster Band, Bjrnstjerne Bjrnson, German
36766-0.txt, Der kleine Herr Friedemann, Thomas Mann, German
30086-8.txt, Has Anyone Here Seen Kelly?, Bryce Walton, English
1595-8.txt, Whirligigs, O. Henry, English
26856.txt, Solander's Radio Tomb, Ellis Parker Butler, English
10150-8.txt, Dracula's Guest, Bram Stoker, English
16405-8.txt," Little Classics, Volume 8 (of 18)", Various, English
872-0.txt, Reprinted Pieces, Charles Dickens, English
32764.txt, Manners of the Age, Horace Brown Fyfe, English
50877.txt, Education of a Martian, Joseph Shallit, English
36258.txt, The Beautiful People, Charles Beaumont, English
31347-8.txt, Contos, Jos Maria Ea de Queirs, Portuguese
28933.txt, One Out of Ten, J. Anthony Ferlaine, English
35148-8.txt, Here and Hereafter, Barry Pain, English
58725-8.txt, Quickie, Milton Lesser, English
9240-0.txt, The Man of Adamant, Nathaniel Hawthorne, English
3815-8.txt, Rolling Stones, O. Henry, English
58967.txt, The Procurator of Judea, Anatole France, English
58581-8.txt, The Story of the Siren, E. M. Forster, English
29620.txt, Sorry: Wrong Dimension, Ross Rocklynne, English
30371.txt, Service with a Smile, Charles Louis Fontenay, English
29720-8.txt, Hall of Mirrors, Fredric Brown, English
27631.txt, Dead World, Jack Douglas, English
9309-8.txt, In a Steamer Chair and Other Stories, Robert Barr, English
59304.txt, Bright Islands, Frank Riley, English
45524-8.txt, The Open Boat and Other Stories, Stephen Crane, English
38172-8.txt,Atlantic Narratives,Numerous,English
1197-0.txt, Taras Bulba and Other Tales, Nikolai Vasilievich Gogol, English
34313-8.txt, Literature in the Making, Various, English
2043.txt,Stories by Modern American Authors,Julian Hawthorne,English
18776-8.txt," The Wit and Humor of America, Volume IV. (of X.)", Various, English
21327-8.txt," The Works of Guy de Maupassant, Vol. 1 (of 8)", Guy de Maupassant, English
57277-0.txt, A Dreamer's Tales, Lord Dunsany, English
12750-8.txt, The Stolen Bacillus and Other Incidents, H. G. (Herbert George) Wells, English
22897-8.txt, The Ideal, Stanley Grauman Weinbaum, English
22091-8.txt, The Best Short Stories of 1920," ""Rollo's Journey to Cambridge"" (with F. J. Stimson),", English
30763.txt, Am I Still There?, James R. Hall, English
6133-0.txt," The Extraordinary Adventures of Arsene Lupin, Gentleman-Burglar", Maurice Leblanc, English
4778.txt, Sipurim (Stories), Sam Vaknin, English
51148.txt, Common Denominator, John D. MacDonald, English
59373-8.txt, Catalysis, Poul Anderson, English
41161-8.txt, La vida en los campos, Giovanni Verga, Spanish
343.txt, Fables, Robert Louis Stevenson, English
23535.txt, The Invaders, Benjamin Ferris, English
3085-0.txt," Original Short Stories, Volume 9 (of 13)", Guy de Maupassant, English
332-0.txt, The Burial of the Guns, Thomas Nelson Page, English
29742.txt, The Long Voyage, Carl Richard Jacobi, English
1202-8.txt, Tales of Unrest, Joseph Conrad, English
32410.txt, No Shield from the Dead, Gordon Rupert Dickson, English
10746-8.txt, Boule de Suif, Guy de Maupassant, French
39644-8.txt, Whilomville Stories, Stephen Crane, English
40917-0.txt, Storie da ridere.... e da piangere, Ercole Luigi Morselli, Italian
29019.txt, All Cats Are Gray, Andre Alice Norton, English
59267.txt, The Laboratorians, Edward Peattie, English
28893.txt, Of Time and Texas, William F. Nolan, English
33406-8.txt, Heath's Modern Language Series: Spanish Short Stories, Elijah Clarence Hills, Spanish
1743-0.txt, Twelve Stories and a Dream, H. G. Wells, English
52590-0.txt, The Night Club, Herbert Jenkins, English
5659.txt, Stories by Foreign Authors: Polish, Various, English
23059-0.txt, My Friend The Murderer, A. Conan Doyle, English
33707-8.txt, Yiddish Tales, Various, English
31483.txt, The First Little Pet Book with Ten Short Stories in Words of Three and Four Letters, Frances Elizabeth Barrow, English
32820.txt, World Beyond Pluto, C. H. Thames, English
26855.txt, Hard Guy, H. B. Carleton, English
51363.txt, Double Standard, Alfred Coppel, English
13555-8.txt, Youth and the Bright Medusa, Willa Cather, English
32854-8.txt, Arsne Lupin gentleman-cambrioleur, Maurice Leblanc, French
869-0.txt, The Soul of Nicholas Snyders, Jerome K. Jerome, English
1053-0.txt, Within the Tides, Joseph Conrad, English
26066-8.txt, The Cosmic Express, John Stewart Williamson, English
29623.txt, The Cuckoo Clock, Wesley Barefoot, English
20303-8.txt, The Best Short Stories of 1915, Various, English
2550-0.txt, Tales of Trail and Town, Bret Harte, English
236-0.txt, The Jungle Book, Rudyard Kipling, English
1626-0.txt, After Dark, Wilkie Collins, English
3181-0.txt, The Stolen White Elephant, Mark Twain (Samuel Clemens), English
33662-8.txt, A Republic Without a President and Other Stories, Herbert Ward, English
40321-8.txt, Grim Tales, Edith Nesbit, English
24149-8.txt, The Ambulance Made Two Trips, William Fitzgerald Jenkins, English
58743.txt, Little Boy, Harry Neal, English
30399.txt, Pythias, Frederik Pohl, English
593.txt, Selected Writings of Guy de Maupassant, Guy de Maupassant, English
42416-0.txt, Piccole anime, Matilde Serao, Italian
27582-0.txt, Yushi Mingyan, Feng Menglong, Chinese
26153-0.txt, The Last of the Legions and Other Tales of Long Ago, Arthur Conan Doyle, English
2359-0.txt, Stories By English Authors: France, Various, English
58974.txt, Our Town, Jerome Bixby, English
25035.txt, The Happy Unfortunate, Robert Silverberg, English
58790.txt, A Cold Night for Crying, Milton Lesser, English
57904-8.txt, The Doom of London, Frederick Merrick White, English
51549.txt, The Big Engine, Fritz Leiber, English
2569-0.txt," The Day's Work, Volume 1", Rudyard Kipling, English
56686-0.txt, Tom Temple's Career, Horatio Alger Jr., English
43706-8.txt, Wounds in the rain, Stephen Crane, English
30568-8.txt," Kipling Stories and Poems Every Child Should Know, Book II", Rudyard Kipling, English
2420-8.txt,Unterhaltungen deutscher Ausgewanderten,Goethe,German
21989-0.txt, Ein Landarzt, Franz Kafka, German
26206-8.txt, Pandemic, Jesse Franklin Bone, English
47405-0.txt, Short Sixes, H. C. Bunner, English
28698.txt, The Crystal Crypt, Philip Kindred Dick, English
25791-0.txt, In der Strafkolonie, Franz Kafka, German
18713-8.txt, Violets and Other Tales, Alice Ruth Moore, English
30014.txt, Native Son, T. D. Hamm, English
50904.txt, On the Fourth Planet, J.F. Bone, English
29579.txt, Watchbird, Robert Sheckley, English
26995-0.txt, Montezuma's Castle and Other Weird Tales, Charles B. Cory, English
51603.txt, All The People, R.A. Lafferty, English
385.txt, The Redheaded Outfield and Other Baseball Stories, Zane Grey, English
51171.txt, A Little Journey, Ray Bradbury, English
26606-0.txt, Uncanny Tales, Various, English
40718-0.txt, Atlantic Narratives, Mary Antin, English
25627.txt, The Hunted Heroes, Robert Silverberg, English
352.txt, Buttered Side Down, Edna Ferber, English
33056-8.txt, Historias Sem Data, Joaquim Maria Machado de Assis, Portuguese
33850-8.txt, The Slizzers, Jerome Bixby, English
2535-0.txt, Openings in the Old Trail, Bret Harte, English
28726-8.txt, The Boy Scouts Book of Stories, Various, English
59476-0.txt, More E. K. Means, Eldred Kurtz Means, English
24276.txt, The Coffin Cure, Alan Edward Nourse, English
49897-8.txt, The Gravity Business, James E. Gunn, English
911-0.txt, Tales of the Fish Patrol, Jack London, English
51616.txt, Sales Talk, Con Blomberg, English
38131-8.txt, On Secret Service, William Nelson Taft, English
15610-8.txt, First Love (Little Blue Book #1195), Various, English
55514-0.txt, Cuentos de amor, Emilia Pardo Bazán, Spanish
59504.txt, A Matter of Order, Fox B. Holden, English
11603-8.txt, The House of Cobwebs and Other Stories, George Gissing, English
2004-0.txt, “Pigs is Pigs”, Ellis Parker Butler, English
4514-0.txt, Tales Of Men And Ghosts, Edith Wharton, English
51414.txt, ...So They Baked a Cake, Winston Marks, English
14449-8.txt, Dutch Courage and Other Stories, Jack London, English
2305-0.txt, A Set of Six, Joseph Conrad, English
23599-8.txt, The Big Fix, George Oliver Smith, English
36238-8.txt, The Mantle and Other Stories, Nicholas Gogol, English
32819.txt, Elegy, Charles Beaumont, English
38310-8.txt, The Wolves of God, Algernon Blackwood, English
373-0.txt, Lay Morals, Robert Louis Stevenson, English
24799-8.txt, The Escape of Mr. Trimm, Irvin S. Cobb, English
55471-0.txt, The Black Lion Inn, Alfred Henry Lewis, English
2047.txt,Stories of Modern French Novels,Julian Hawthorne,English
59332-8.txt, Abaft the Funnel, Rudyard Kipling, English
35879-0.txt, The Rotifers, Robert Abernathy, English
970.txt, Uncles Josh's Punkin Centre Stories, Cal Stewart, English
22997.txt, Second Sight, Alan Edward Nourse, English
32117-8.txt, Eleven Possible Cases, Frank R. Stockton, English
29140.txt, The Mathematicians, Arthur Feldman, English
38664-8.txt, The Four Corners of the World, A. E. W. (Alfred Edward Woodley) Mason, English
29632.txt, Competition, James Causey, English
582.txt, A Collection of Beatrix Potter Stories, Beatrix Potter, English
41565.txt, Consignment, Alan E. Nourse, English
59302.txt, The Pioneers, Basil Wells, English
55473-0.txt, Kott?, Lafcadio Hearn, English
47818-8.txt, Diesseits, Hermann Hesse, German
34852.txt, Moonshine & Clover, Laurence Housman, English
594.txt, Twilight Stories, Various, English
7471.txt, The Man with Two Left Feet, P. G. Wodehouse, English
51774.txt, The Weirdest World, R. A. Lafferty, English
29142.txt, Keep Out, Fredric Brown, English
51957-0.txt, Tales From a Rolltop Desk, Christopher Morley, English
37242-8.txt, Stories and Pictures, Isaac Loeb Peretz, English
29618.txt, The Aggravation of Elmer, Robert Andrew Arthur, English
40386-8.txt, Wandering Ghosts, F. Marion Crawford, English
5737-0.txt, Smoke Bellew, Jack London, English
27392.txt, Lease to Doomsday, Lee Archer, English
31282.txt, Mars Confidential, Jack Lait, English
3707-8.txt, The Trimmed Lamp, O. Henry, English
2163-0.txt, The Bridge-Builders, Rudyard Kipling, English
29432.txt, The Man the Martians Made, Frank Belknap Long, English
51589.txt, The Rag and Bone Men, Algis Budrys, English
19324-8.txt," The Wit and Humor of America, Volume VI. (of X.)", Various, English
28062.txt, The Man Who Saw the Future, Edmond Hamilton, English
21775-8.txt," The Best of the World's Classics, Restricted to Prose, Vol. IV (of X)--Great Britain and Ireland II", Various, English
23651.txt, Test Rocket!, Jack Douglas, English
28076.txt," Original Short Stories, Complete, Volumes 1-13", Guy de Maupassant, English
32827.txt, Think Yourself to Death, C.H. Thames, English
32996-8.txt, The Ten-foot Chain, Achmed Abdullah, English
48383-0.txt, Histoires grotesques et sérieuses, Edgar Allan Poe, French
59498-8.txt, What Shall It Profit?, Poul Anderson, English
58721-8.txt, Unwelcomed Visitor, William Morrison, English
29750.txt, Zen, Jerome Bixby, English
51530-8.txt, The Last Letter, Fritz Leiber, English
1620-0.txt, The Lion and the Unicorn and Other Stories, Richard Harding Davis, English
58802.txt, Community Property, Alfred Coppel, English
29989.txt, The Outbreak of Peace, Horace Brown Fyfe, English
51167.txt, Butterfly 9, Donald Keith, English
29976.txt, Weak on Square Roots, Russell Burton, English
6168.txt, Fifty Famous People, James Baldwin, English
9161-0.txt, A Comedy of Marriage and Other Tales, Guy De Maupassant, English
34544-8.txt, This is not a Story, Denis Diderot, English
29559-8.txt, They Twinkled Like Jewels, Philip Jos Farmer, English
13553-8.txt, The Tidal Wave and Other Stories, Ethel May Dell, English
32832.txt, Piper in the Woods, Philip K. Dick, English
8933-8.txt, Popular Tales from the Norse, Sir George Webbe Dasent, English
37397-0.txt, Weird Stories, Edgar Alan Poe, Greek
28063.txt, The Next Logical Step, Benjamin William Bova, English
10135-8.txt," The Great English Short-Story Writers, Vol. 1", Various, English
32395-8.txt, No Strings Attached, Lester del Rey, English
36712-8.txt, The Best Psychic Stories, Various, English
31202-8.txt, The Strange Cases of Dr. Stanchon, Josephine Daskam Bacon, English
29619.txt, The Altar at Midnight, Cyril M. Kornbluth, English
6695-8.txt, Tales of the Jazz Age, F. Scott Fitzgerald, English
21279.txt, 2 B R 0 2 B, Kurt Vonnegut, English
49598-8.txt, The Little Angel and Other Stories, Leonid Andreyev, English
1467-0.txt, Some Christmas Stories, Charles Dickens, English
34757-0.txt, Mashi and Other Stories, Rabindranath Tagore, English
29990-8.txt, Satellite System, Horace Brown Fyfe, English
51074.txt, Don't Shoot, Robert Zacks, English
3084-0.txt," Original Short Stories, Volume 8 (of 13)", Guy de Maupassant, English
25078.txt, No Moving Parts, Murray F. Yaco, English
39635-0.txt, The Best Short Stories of 1918, Various, English
46581-0.txt, The Mystery of Choice, Robert William Chambers, English
59036-8.txt, The York Problem, Herbert D. Kastle, English
31648-8.txt, My Fair Planet, Evelyn E. Smith, English
58995-8.txt, Seller of the Sky, Dave Dryfoos, English
19323-8.txt," The Wit and Humor of America, Volume V. (of X.)", Various, English
37579-0.txt, Aufsätze, Robert Walser, German
41414-8.txt, The Girl From the Marsh Croft, Selma Lagerlf, English
647-0.txt, The Dynamiter, Robert Louis Stevenson, English
1338.txt, Selected Prose of Oscar Wilde, Oscar Wilde, English
43048.txt, The Piebald Hippogriff, Karen Anderson, English
2588-0.txt, Stories by English Authors: Scotland, Various, English
1603-0.txt," The Blue Flower, and Others", Henry van Dyke, English
23218-0.txt, The Red Room, H. G. Wells, English
1870-0.txt, Reginald in Russia, Saki, English
40964.txt, Tony and the Beetles, Philip K. Dick, English
24877-8.txt," Lucy Maud Montgomery Short Stories, 1907 to 1908", Lucy Maud Montgomery, English
809-0.txt, Holiday Romance, Charles Dickens, English
22893.txt, Pygmalion's Spectacles, Stanley Grauman Weinbaum, English
40970.txt, Exploiter's End, James Causey, English
51699.txt, The God Next Door, Bill Doede, English
23568.txt, The Mississippi Saucer, Frank Belknap Long, English
30272.txt, Very Short Stories and Verses For Children, Mrs. W. K. Clifford, English
51129.txt, A Gift from Earth, Manly Banister, English
6073-0.txt," Smith and the Pharaohs, and Other Tales", Henry Rider Haggard, English
36118-8.txt, A Crime of the Under-seas, Guy Boothby, English
50948.txt, Of All Possible Worlds, William Tenn, English
22545-8.txt, Warning from the Stars, Ron Cocking, English
21627.txt, Gambler's World, John Keith Laumer, English
18262-8.txt, Contes humoristiques - Tome I, Alphonse Allais, French
29509.txt, Warm, Robert Sheckley, English
4533.txt, The Hermit and the Wild Woman and Other Stories, Edith Wharton, English
59011.txt, The Last Crusade, George H. Smith, English
50753.txt, Later Than You Think, Fritz Leiber, English
26772.txt, A Question of Courage, Jesse Franklin Bone, English
30019-8.txt, Navy Day, Harry Harrison, English
37966-8.txt, Between the Dark and the Daylight, Richard Marsh, English
18811-0.txt, The Light Princess and Other Fairy Stories, George MacDonald, English
26955.txt, Advanced Chemistry, Jack G. Huekels, English
29643.txt, Death of a Spaceman, Walter M. Miller, English
16257-8.txt, The Turtles of Tasman, Jack London, English
49809.txt, Junior, Robert Abernathy, English
20387-8.txt, A Thin Ghost and Others, M. R. (Montague Rhodes) James, English
2234.txt," Sketches in Lavender, Blue and Green", Jerome K. Jerome, English
8486-8.txt, Ghost Stories of an Antiquary, M. R. James, English
51075.txt, A Stone and a Spear, Raymond F. Jones, English
25086.txt, The Delegate from Venus, Henry Slesar, English
58735.txt, Peace, Norman Arkawy, English
59403.txt, Jekyll and Hyde Planet, Jack Lewis, English
240.txt, Stories From the Old Attic, Robert Harris, English
29133.txt, Shipwreck in the Sky, Eando Binder, English
30476.txt, Zero Hour, Alexander Blade, English
38287-0.txt, We’re Civilized!, Mark Clifton and Alex Apostolides, English
38991-8.txt, Roumanian Stories, Various, English
12732-8.txt, Short-Stories, Various, English
10095-8.txt," The Twilight of the Gods, and Other Tales", Richard Garnett, English
23146.txt, And All the Earth a Grave, Carroll M. Capps (AKA C.C. MacApp), English
16578-8.txt, The Kipling Reader, Rudyard Kipling, English
31207-8.txt, Where the World is Quiet, Henry Kuttner, English
32077.txt, Breeder Reaction, Winston Marks, English
32711.txt, Disaster Revisited, Darius John Granger, English
7239-8.txt," Men, Women, and Boats", Stephen Crane, English
4793-0.txt, The Fiend's Delight, Dod Grile, English
4519.txt, The Descent of Man and Other Stories, Edith Wharton, English
30728.txt, Oneness, James H. Schmitz, English
32665.txt, The Anglers of Arz, Roger Phillips Dee, English
27284-8.txt, The Talking Horse, F. Anstey, English
51498.txt, Bad Memory, Patrick Fahy, English
58899.txt, Journey Work, Dave Dryfoos, English
24313-8.txt, Once a Week, Alan Alexander Milne, English
41613-8.txt," The Strand Magazine, Vol. 1 - No. 1,", Various, English
27903.txt, The Magic World, Edith Nesbit, English
334.txt, Episodes in Van Bibber's Life, Richard Harding Davis, English
50847-8.txt, Tea Tray in the Sky, Evelyn E. Smith, English
26098-8.txt, Happy Days, Alan Alexander Milne, English
29735.txt, Martians Never Die, Lucius Daniel, English
34817-8.txt," Tales of the Wonder Club, Volume II", Alexander Huth, English
2851-8.txt, Sixes and Sevens, O. Henry, English
453.txt, Emma McChesney & Co., Edna Ferber, English
56665-0.txt, Tales and Stories, Mary Wollstonecraft Shelley, English
5603-8.txt, Seven Icelandic Short Stories, Various, English
29799-8.txt, Los espectros, Leonid Nikolayevich Andreyev, Spanish
8681-8.txt, The Face And The Mask, Robert Barr, English
30715.txt, Where There's Hope, Jerome Bixby, English
1458-0.txt, Dream Life and Real Life, Olive Schreiner, English
1089-0.txt, Moon-Face and Other Stories, Jack London, English
24875-8.txt," Lucy Maud Montgomery Short Stories, 1904", Lucy Maud Montgomery, English
32658.txt, The Standardized Man, Stephen Bartholomew, English
692.txt,Complete Works of James Whitcomb Riley,James Whitcomb Riley,English
22662-8.txt, The Mummy's Foot, Thophile Gautier, English
50154-0.txt, Contes de lundi, Alphonse Daudet, French
8129-8.txt, A Dreamer's Palace, Lord Dunsany [Edward J. M. D. Plunkett], English
32076.txt, Brown John's Body, Winston Marks, English
38637-0.txt, Il diavolo nell’ampolla, Adolfo Albertazzi, Italian
3086-0.txt," Original Short Stories, Volume 10 (of 13)", Guy de Maupassant, English
30649.txt, Last Resort, Stephen Bartholomew, English
15859-8.txt, The Piazza Tales, Herman Melville, English
59172.txt, Willie's Planet, Mike Ellis, English
3713-0.txt, Aaron Trow, Anthony Trollope, English
873-0.txt, A House of Pomegranates, Oscar Wilde, English
51274.txt, Ambition, William L. Bade, English
22073.txt, The Repairman, Harry Harrison, English
645-0.txt, The Figure in the Carpet, Henry James, English
294-0.txt, The Captain of the Pole-Star and Other Tales, Arthur Conan Doyle, English
29132.txt, The Gun, Philip K. Dick, English
43629-0.txt, Strange Stories from a Chinese Studio (Volumes I and II), Songling Pu, English
5777-0.txt, Life’s Handicap, Rudyard Kipling, English
269-0.txt, Beasts and Super-Beasts, Saki, English
39891-8.txt, Jewel Mysteries, Max Pemberton, English
11501-8.txt, Laughing Bill Hyde and Other Stories, Rex Beach, English
1876-0.txt, The Shape of Fear, Elia W. Peattie, English
31976.txt, Derelict, Alan Edward Nourse, English
58730.txt, Miracle by Price, Irving E. Cox, English
55865-0.txt, Spiritual Tales, Fiona Macleod, English
22522-8.txt, Artists' Wives, Alphonse Daudet, English
30329.txt, Black Eyes and the Daily Grind, Milton Lesser, English
53042-0.txt, A Hitch in Space, Fritz Leiber, English
54183-0.txt, Le livre de la Jungle, Rudyard Kipling, French
6257.txt," Donovan Pasha And Some People Of Egypt, Volume 2.", Gilbert Parker, English
2031.txt,Lock and Key Library series,Julian Hawthorne,English
51258.txt, A Bad Day for Vermin, Keith Laumer, English
48998-0.txt, In the Village of Viger, Duncan Campbell Scott, English
36507-0.txt, Mary Wollstonecraft's Original Stories, Mary Wollstonecraft, English
18734-8.txt," The Wit and Humor of America, Volume III. (of X.)", Various, English
29446.txt, Beside Still Waters, Robert Sheckley, English
866.txt, The Cost of Kindness, Jerome K. Jerome, English
18709-8.txt, The Best Short Stories of 1921 and the Yearbook of the American Short Story, Various, English
39090.txt, Travelers Five Along Life's Highway, Annie Fellows Johnston, English
29876-8.txt, Death Wish, Robert Sheckley, English
31355.txt, To Each His Star, Bryce Walton, English
19325-8.txt," The Wit and Humor of America, Volume VII. (of X.)", Various, English
32580-8.txt, The Golgotha Dancers, Manly Wade Wellman, English
25586-8.txt," A Collection of Stories, Reviews and Essays", Willa Cather, English
32890.txt, Home is Where You Left It, Adam Chase, English
27411-8.txt, The House with the Mezzanine and Other Stories, Anton Tchekoff, English
877-0.txt, Little Britain, Washington Irving, English
30753-8.txt, Der Mord, Franz Kafka, German
27053.txt, The Day Time Stopped Moving, Bradner Buckner, English
25644.txt, The Man Who Hated Mars, Gordon Randall Garrett, English
3082-0.txt," Original Short Stories, Volume 6 (of 13)", Guy de Maupassant, English
22895.txt, The Point of View, Stanley Grauman Weinbaum, English
34618-8.txt, Twenty-Four Unusual Stories for Boys and Girls, Anna Cogswell Tyler, English
456.txt, The Door in the Wall And Other Stories, H. G. Wells, English
22426-8.txt, The Players, Everett B. Cole, English
6765-0.txt, Mogens and Other Stories, Jens Peter Jacobsen, English
24567.txt, Blind Man's Lantern, Allen Kim Lang, English
13437-8.txt, Best Russian Short Stories, Various, English
23762-8.txt, Blessed Are the Meek, G.C. Edmondson, English
27085.txt, Rootabaga Stories, Carl Sandburg, English
18261.txt, Operation R.S.V.P., Henry Beam Piper, English
56579-0.txt, The Countess of Lowndes Square and Other Stories, E. F. Benson, English
58341-0.txt, Novelle, Edmondo De Amicis, Italian
57349-0.txt, Table d'Hôte, W. Pett Ridge, English
22466.txt, The Ultimate Experiment, Thornton DeKy, English
30062.txt, The Plague, Teddy Keller, English
1069-0.txt," Nana, The Miller's Daughter, Captain Burle, Death of Olivier Becaille", Emile Zola, English
51311.txt, Make Me An Offer, Con Blomberg, English
15717-8.txt, Books and Persons, Arnold Bennett, English
9987.txt, Stories by Foreign Authors: Spanish, Various, English
32067.txt, Atom Drive, Charles Louis Fontenay, English
21782.txt, The Yillian Way, John Keith Laumer, English
24042-0.txt, Pang Huang, Chang-Shou Chou (AKA Shiun Lu), Chinese
3186-0.txt, The Mysterious Stranger and Other Stories, Mark Twain, English
51688-8.txt, The Air of Castor Oil, Jim Harmon, English
47017-0.txt," Ainslee's magazine, Volume 16, No. 3, October, 1905", Various, English
31778.txt, The Draw, Jerome Bixby, English
29889.txt, Life Sentence, James McConnell, English
936-0.txt, The Village Watch-Tower, (AKA Kate Douglas Riggs) Kate Douglas Wiggin, English
34089-8.txt, The Celestial Omnibus and other Stories, E. M. Forster, English
53102.txt, The Lonely, Judith Merril, English
56645-0.txt, Le poète assassiné, Guillaume Apollinaire, French
6040.txt, Stories by English Authors: Ireland, Various, English
21040-8.txt, Brazilian Tales, Joaquim Maria Machado de Assis, English
14790-8.txt, Contes du jour et de la nuit, Guy de Maupassant, French
38628-0.txt, Vecchie storie d’amore, Adolfo Albertazzi, Italian
53184-0.txt, Le Novelle della Pescara, Gabriele D'Annunzio, Italian
57333-0.txt, Project Gutenberg Compilation of 233 Short Stories of Chekhov, Anton Chekhov, English
58733.txt, Spatial Delivery, Randall Garrett, English
23061-0.txt, The Dead Are Silent, Arthur Schnitzler, English
508.txt, Twice-Told Tales, Nathaniel Hawthorne, English
1312-0.txt, Selected Stories, Bret Harte, English
29492.txt, Old Rambling House, Frank Patrick Herbert, English
39957-8.txt, Prairie Gold, Various, English
59149.txt, The Elroom, Jerry Sohl, English
29445.txt, The Hour of Battle, Robert Sheckley, English
25519.txt, Little Wizard Stories of Oz, L. Frank Baum, English
30655-8.txt, Ein Hungerknstler, Franz Kafka, German
2555-0.txt, Under the Redwoods, Bret Harte, English
44643-8.txt,The Funny Bone,Numerous,English
3184-0.txt, Alonzo Fitz and Other Stories, Mark Twain (Samuel Clemens), English
51828-0.txt, Liao zhai zhi yi, Songling Pu, Chinese
57687-0.txt, La Mort de la Terre, Joseph Henri Honoré Boex, French
23791.txt, Scrimshaw, William Fitzgerald Jenkins, English
46740-0.txt, Five selected short story, d.h.Lawrence, Farsi
51461.txt, A Pail of Air, Fritz Leiber, English
43742-8.txt, To Tell You the Truth, Leonard Merrick, English
29525.txt, The Leech, Phillips Barbee, English
6696-8.txt," Die Leute von Seldwyla, Vol. 1", Gottfried Keller, German
9205.txt," Sights from a Steeple (From ""Twice Told Tales"")", Nathaniel Hawthorne, English
49762.txt, Diagnosis, R. A. Palmer, English
21964-8.txt, The Short-story, William Patterson Atkinson, English
53048.txt, The Hermit of Mars, Stephen Bartholomew, English
22869.txt, The Dark Door, Alan Edward Nourse, English
58653.txt, The Revealing Pattern, Alvin Heiner, English
5403.txt, Short Stories for English Courses, Various (Rosa M. R. Mikels ed.), English
15381-8.txt, Victorian Short Stories, Various, English
13691-8.txt, Lastuja I-III, Juhani Aho, Finnish
42989-8.txt, The Plattner Story and Others, H. G. Wells, English
18632-8.txt, Crossroads of Destiny, Henry Beam Piper, English
27736-8.txt, La condenada, Vicente Blasco Ibez, Spanish
4368-8.txt, Flappers and Philosophers, F. Scott Fitzgerald, English
19362-8.txt, In the Year 2889, Jules Verne and Michel Verne, English
23445-8.txt, The Best Short Stories of 1919, Various, English
24558.txt, Watch the Sky, James H. Schmitz, English
13085-8.txt, A Diversity of Creatures, Rudyard Kipling, English
292-0.txt," Beauty and The Beast, and Tales From Home", Bayard Taylor, English
51662.txt, Breakdown, Herbert D. Kastle, English
3715.txt, The Parenticide Club, Ambrose Bierce, English
3080-0.txt," Original Short Stories, Volume 4 (of 13)", Guy de Maupassant, English
2886-0.txt, Tales of the Argonauts, Bret Harte, English
32104.txt, Turning Point, Alfred Coppel, English
50959.txt, End as a World, F. L. Wallace, English
694.txt,Stories from Everybodys Magazine,Numerous,English
2381-0.txt, Actions and Reactions, Rudyard Kipling, English
2715-0.txt, The Real Thing and Other Tales, Henry James, English
1466.txt,Creatures That Once Were Men,Gorky,English
870.txt, The Love of Ulrich Nebendahl, Jerome K. Jerome, English
24873-8.txt," Lucy Maud Montgomery Short Stories, 1896 to 1901", Lucy Maud Montgomery, English
2728-0.txt, Hunter Quatermain’s Story, H. Rider Haggard, English
50543-0.txt, Short Stories for High Schools, Various, English
32716.txt, Cancer World, Harry Warner, English
30673.txt, Sound of Terror, Don Berry, English
51820-8.txt, Little French Masterpieces, Honor de Balzac, English
59148.txt, The Cyber and Justice Holmes, Frank Riley, English
34627-8.txt, The Dealings of Captain Sharkey, A. Conan Doyle, English
2429-0.txt, Lost Face, Jack London, English
8914-8.txt," England, My England", D.H. Lawrence, English
29487.txt, Forever, Robert Sheckley, English
56527-0.txt, In a Quiet Village, Sabine Baring-Gould, English
31218-8.txt, Flten und Dolche, Heinrich Mann, German
33839.txt, Problem on Balak, Roger D. Aycock, English
59376.txt, The Patriot, Charles L. Fontenay, English
